[
    {
        "id": "http-errors",
        "type": "protocol",
        "slug": "http-errors",
        "name": "HTTP Errors",
        "description": "Standard HTTP status codes including 4xx client errors and 5xx server errors.",
        "intro": "HTTP status codes are the standard response codes given by web site servers on the Internet. They help identify the cause of the problem when a web page or other resource does not load correctly. The codes are divided into five classes, with the 4xx class representing client-side errors (like a bad URL) and the 5xx class representing server-side errors (like a server crash). Understanding these codes is crucial for debugging and maintaining a healthy website.",
        "seo": {
            "description": "Complete guide to HTTP error codes. Learn what 404, 500, 502, and other status codes mean and how to fix them."
        },
        "icon": "<path d=\"M21 12V7H5a2 2 0 0 1-2-2V5a2 2 0 0 1 2-2h16v9zM3 13v-1h18v1M3 17v-1h18v1M5 21h14a2 2 0 0 0 2-2v-2H3v2a2 2 0 0 0 2 2z\"/>",
        "subcategories": [
            {
                "name": "HTTP 4xx Client Errors",
                "items": [
                    "400 Bad Request",
                    "401 Unauthorized",
                    "403 Forbidden",
                    "404 Not Found",
                    "405 Method Not Allowed",
                    "408 Request Timeout",
                    "429 Too Many Requests"
                ]
            },
            {
                "name": "HTTP 5xx Server Errors",
                "items": [
                    "500 Internal Server Error",
                    "502 Bad Gateway",
                    "503 Service Unavailable",
                    "504 Gateway Timeout",
                    "505 HTTP Version Not Supported"
                ]
            }
        ]
    },
    {
        "id": "dns-errors",
        "type": "network",
        "slug": "dns-errors",
        "name": "DNS Errors",
        "description": "Domain Name System resolution issues, nameserver propagation, and browser DNS errors.",
        "intro": "DNS (Domain Name System) errors occur when a user's browser cannot resolve a domain name to an IP address. This is often described as the 'phonebook' of the internet failing to find the right number. Common issues include DNS_PROBE_FINISHED_NXDOMAIN, DNS_PROBE_FINISHED_BAD_CONFIG, and propagation delays after changing hosting providers.",
        "seo": {
            "description": "Troubleshoot common DNS errors like NXDOMAIN and DNS probe finished bad config. Step-by-step fixes for users and webmasters."
        },
        "icon": "<circle cx=\"12\" cy=\"12\" r=\"10\"/><line x1=\"2\" y1=\"12\" x2=\"22\" y2=\"12\"/><path d=\"M12 2a15.3 15.3 0 0 1 4 10 15.3 15.3 0 0 1-4 10 15.3 15.3 0 0 1-4-10 15.3 15.3 0 0 1 4-10z\"/>",
        "subcategories": [
            {
                "name": "Browser DNS Errors",
                "items": [
                    "DNS_PROBE_FINISHED_NXDOMAIN",
                    "DNS_PROBE_FINISHED_NO_INTERNET",
                    "DNS_PROBE_STARTED"
                ]
            },
            {
                "name": "Domain & Nameserver Issues",
                "items": [
                    "DNS Server Not Responding",
                    "DNS Lookup Failed",
                    "Domain Not Resolving"
                ]
            },
            {
                "name": "Propagation & Configuration",
                "items": [
                    "DNS Propagation Delay",
                    "Incorrect DNS Records",
                    "Nameserver Mismatch"
                ]
            }
        ]
    },
    {
        "id": "ssl-tls-errors",
        "type": "security",
        "slug": "ssl-tls-errors",
        "name": "SSL / TLS Errors",
        "description": "Security certificate errors, handshake failures, and protocol version mismatches.",
        "intro": "SSL (Secure Sockets Layer) and TLS (Transport Layer Security) errors happen when a user's browser cannot establish a secure connection with the server. These are critical errors that often block access to a site entirely to protect the user. Common causes include expired certificates, mismatched domain names, or outdated protocol versions.",
        "seo": {
            "description": "Fix SSL connection errors, certificate warnings, and handshake failures. Comprehensive guide to HTTPS security issues."
        },
        "icon": "<rect x=\"3\" y=\"11\" width=\"18\" height=\"11\" rx=\"2\" ry=\"2\"/><path d=\"M7 11V7a5 5 0 0 1 10 0v4\"/>",
        "subcategories": [
            {
                "name": "Certificate Errors",
                "items": [
                    "NET::ERR_CERT_AUTHORITY_INVALID",
                    "SSL Certificate Expired",
                    "SSL Certificate Not Trusted"
                ]
            },
            {
                "name": "Protocol & Handshake Errors",
                "items": [
                    "ERR_SSL_PROTOCOL_ERROR",
                    "ERR_SSL_VERSION_OR_CIPHER_MISMATCH",
                    "TLS Handshake Failed"
                ]
            }
        ]
    },
    {
        "id": "cloudflare-errors",
        "type": "platform",
        "slug": "cloudflare-errors",
        "name": "Cloudflare Errors",
        "description": "Edge network errors specific to Cloudflare, including 1xxx codes and 5xx origin errors.",
        "intro": "Cloudflare acts as a reverse proxy and CDN for millions of websites. When things go wrong, it displays specific error codes (often in the 1000 range) or branded 5xx error pages. These errors help distinguish whether the problem lies with Cloudflare's edge network, the user's connection, or the origin web server.",
        "seo": {
            "description": "Decode Cloudflare error codes. Solutions for Error 520, 521, 522, and 1xxx series errors."
        },
        "icon": "<path d=\"M18 10h-1.26A8 8 0 1 0 9 20h9a5 5 0 0 0 0-10z\"/>",
        "subcategories": [
            {
                "name": "Cloudflare 1xxx Errors",
                "items": [
                    "Error 1000\u20131018 (DNS / account issues)"
                ]
            },
            {
                "name": "Cloudflare 52x Errors",
                "items": [
                    "Error 520 Web Server Returned Unknown Error",
                    "Error 521 Web Server Is Down",
                    "Error 522 Connection Timed Out",
                    "Error 523 Origin Is Unreachable",
                    "Error 525 SSL Handshake Failed",
                    "Error 526 Invalid SSL Certificate"
                ]
            }
        ]
    },
    {
        "id": "browser-errors",
        "type": "client",
        "slug": "browser-errors",
        "name": "Browser Errors",
        "description": "Client-side errors specific to Chrome, Firefox, Safari, and Edge browsers.",
        "intro": "Browser errors are issues generated by the web browser itself, often before a request even reaches the server. These can be caused by caching issues, corrupt extensions, outdated browser versions, or local network configuration problems.",
        "seo": {
            "description": "Fix common browser errors in Chrome, Firefox, and Edge. Solutions for connection timed out, connection reset, and more."
        },
        "icon": "<circle cx=\"12\" cy=\"12\" r=\"10\"/><circle cx=\"12\" cy=\"12\" r=\"4\"/><line x1=\"21.17\" y1=\"8\" x2=\"12\" y2=\"8\"/><line x1=\"3.95\" y1=\"6.06\" x2=\"8.54\" y2=\"14\"/><line x1=\"10.88\" y1=\"21.94\" x2=\"15.46\" y2=\"14\"/>",
        "subcategories": [
            {
                "name": "Google Chrome Errors",
                "items": [
                    "ERR_CONNECTION_TIMED_OUT",
                    "ERR_CONNECTION_RESET",
                    "ERR_INTERNET_DISCONNECTED"
                ]
            },
            {
                "name": "Firefox Errors",
                "items": [
                    "Server Not Found",
                    "Secure Connection Failed"
                ]
            },
            {
                "name": "Cross-Browser Issues",
                "items": [
                    "Page Not Loading",
                    "This Site Can\u2019t Be Reached"
                ]
            }
        ]
    },
    {
        "id": "server-errors",
        "type": "infrastructure",
        "slug": "server-errors",
        "name": "Server Errors",
        "description": "Web server software errors for Nginx, Apache, LiteSpeed, and IIS.",
        "intro": "Server errors are specific to the software running the website, such as Nginx, Apache, or LiteSpeed. Unlike generic HTTP 500 errors, these might appear in server logs or as specific default pages generated by the web server software when it encounters a critical failure.",
        "seo": {
            "description": "Troubleshoot Nginx, Apache, and LiteSpeed server errors. Configuration fixes and log analysis tips."
        },
        "icon": "<rect x=\"2\" y=\"2\" width=\"20\" height=\"8\" rx=\"2\" ry=\"2\"/><rect x=\"2\" y=\"14\" width=\"20\" height=\"8\" rx=\"2\" ry=\"2\"/><line x1=\"6\" y1=\"6\" x2=\"6.01\" y2=\"6\"/><line x1=\"6\" y1=\"18\" x2=\"6.01\" y2=\"18\"/>",
        "subcategories": [
            {
                "name": "Apache Errors",
                "items": [
                    "Apache 403 Forbidden",
                    "Apache 500 Error"
                ]
            },
            {
                "name": "Nginx Errors",
                "items": [
                    "Nginx 502 Bad Gateway",
                    "Nginx 504 Gateway Timeout"
                ]
            },
            {
                "name": "General Server Issues",
                "items": [
                    "Server Misconfiguration",
                    "PHP Fatal Errors",
                    "Permission Errors"
                ]
            }
        ]
    },
    {
        "id": "platform-specific-errors",
        "type": "platform",
        "slug": "platform-specific-errors",
        "name": "Platform-Specific Errors",
        "description": "Errors unique to platforms like WordPress, AWS, Google Services, and others.",
        "intro": "Platform-specific errors are unique to the ecosystem they occur in. A WordPress 'White Screen of Death', an AWS S3 'Access Denied', or a Google '403 Rate Limit Exceeded' all require specific knowledge of the platform's architecture and configuration to resolve.",
        "seo": {
            "description": "Fix platform-specific errors for WordPress, AWS, Google Cloud, and more. Specialized troubleshooting guides."
        },
        "icon": "<path d=\"M21 16V8a2 2 0 0 0-1-1.73l-7-4a2 2 0 0 0-2 0l-7 4A2 2 0 0 0 3 8v8a2 2 0 0 0 1 1.73l7 4a2 2 0 0 0 2 0l7-4A2 2 0 0 0 21 16z\"/><polyline points=\"3.27 6.96 12 12.01 20.73 6.96\"/><line x1=\"12\" y1=\"22.08\" x2=\"12\" y2=\"12\"/>",
        "subcategories": [
            {
                "name": "WordPress Errors",
                "items": [
                    "White Screen of Death",
                    "Error Establishing Database Connection",
                    "WordPress Critical Error"
                ]
            },
            {
                "name": "Cloud Platforms",
                "items": [
                    "AWS 503 Slow Down",
                    "AWS SignatureDoesNotMatch",
                    "Google API Errors"
                ]
            },
            {
                "name": "CMS & SaaS",
                "items": [
                    "Shopify Errors",
                    "cPanel Errors"
                ]
            }
        ]
    },
    {
        "id": "permission-errors",
        "type": "security",
        "slug": "permission-errors",
        "name": "Permission Errors",
        "description": "Errors related to Permission Errors",
        "intro": "This section covers errors specifically related to Permission Errors.",
        "seo": {
            "description": "Troubleshooting guide for Permission Errors errors."
        },
        "icon": "<svg width=\"24\" height=\"24\" viewBox=\"0 0 24 24\" fill=\"none\" stroke=\"currentColor\" stroke-width=\"2\" stroke-linecap=\"round\" stroke-linejoin=\"round\"><path d=\"M10.29 3.86L1.82 18a2 2 0 0 0 1.71 3h16.94a2 2 0 0 0 1.71-3L13.71 3.86a2 2 0 0 0-3.42 0z\"/><line x1=\"12\" y1=\"9\" x2=\"12\" y2=\"13\"/><line x1=\"12\" y1=\"17\" x2=\"12.01\" y2=\"17\"/></svg>"
    }
]